DATE_DAY,CHANNEL_ID,NET_ADDS,UNFOLLOWS,TOTAL_FOLLOWERS
2025-11-01,18,3571,410,21500000
2025-11-01,19,5141,886,38000000
2025-11-01,20,11625,1258,11200000
2025-11-02,18,4742,560,21504080
2025-11-02,19,4559,1140,38006970
2025-11-02,20,12225,1157,11210625
2025-11-03,18,2774,476,21508160
2025-11-03,19,5658,577,38013940
2025-11-03,20,7375,1671,11221250
2025-11-04,18,3965,634,21512240
2025-11-04,19,8438,662,38020910
2025-11-04,20,7763,1067,11231875
2025-11-05,18,4608,435,21516320
2025-11-05,19,5174,1064,38027880
2025-11-05,20,10963,1043,11242500
2025-11-06,18,3672,525,21520400
2025-11-06,19,6798,782,38034850
2025-11-06,20,9025,1671,11253125
2025-11-07,18,10610,498,21524480
2025-11-07,19,11021,879,38041820
2025-11-07,20,28800,872,11263750
2025-11-08,18,4258,552,21528560
2025-11-08,19,4920,1188,38048790
2025-11-08,20,8813,876,11274375
2025-11-09,18,4282,462,21532640
2025-11-09,19,6322,606,38055760
2025-11-09,20,10088,803,11285000
2025-11-10,18,4382,667,21536720
2025-11-10,19,8077,643,38062730
2025-11-10,20,11363,1866,11295625
2025-11-11,18,2774,585,21540800
2025-11-11,19,7708,588,38069700
2025-11-11,20,11113,851,11306250
2025-11-12,18,3667,467,21544880
2025-11-12,19,6896,1060,38076670
2025-11-12,20,13663,1646,11316875
2025-11-13,18,4157,536,21548960
2025-11-13,19,5346,1200,38083640
2025-11-13,20,13225,1305,11327500
2025-11-14,18,3734,541,21553040
2025-11-14,19,5322,646,38090610
2025-11-14,20,7863,1352,11338125
2025-11-15,18,4310,673,21557120
2025-11-15,19,7651,629,38097580
2025-11-15,20,7788,1412,11348750
2025-11-16,18,4992,505,21561200
2025-11-16,19,8348,1084,38104550
2025-11-16,20,11475,1254,11359375
2025-11-17,18,5213,411,21565280
2025-11-17,19,8266,692,38111520
2025-11-17,20,11313,1397,11370000
2025-11-18,18,4570,338,21569360
2025-11-18,19,6199,547,38118490
2025-11-18,20,10850,1854,11380625
2025-11-19,18,3374,335,21573440
2025-11-19,19,4887,701,38125460
2025-11-19,20,13713,1395,11391250
2025-11-20,18,2558,623,21577520
2025-11-20,19,6667,657,38132430
2025-11-20,20,11875,1584,11401875
2025-11-21,18,3341,585,21581600
2025-11-21,19,8790,609,38139400
2025-11-21,20,12638,812,11412500
2025-11-22,18,3346,406,21585680
2025-11-22,19,5929,1193,38146370
2025-11-22,20,12225,1024,11423125
2025-11-23,18,3235,395,21589760
2025-11-23,19,6084,562,38153340
2025-11-23,20,12963,876,11433750
2025-11-24,18,4762,420,21593840
2025-11-24,19,8602,701,38160310
2025-11-24,20,8113,1472,11444375
2025-11-25,18,3106,602,21597920
2025-11-25,19,6355,913,38167280
2025-11-25,20,12213,1725,11455000
2025-11-26,18,3494,635,21602000
2025-11-26,19,6314,833,38174250
2025-11-26,20,13150,1148,11465625
2025-11-27,18,2405,348,21606080
2025-11-27,19,5002,857,38181220
2025-11-27,20,7300,1067,11476250
2025-11-28,18,6140,381,21610160
2025-11-28,19,10981,700,38188190
2025-11-28,20,17970,1367,11486875
2025-11-29,18,11128,680,21614240
2025-11-29,19,10863,1089,38195160
2025-11-29,20,18690,1313,11497500
2025-11-30,18,7788,586,21618320
2025-11-30,19,17732,1207,38202130
2025-11-30,20,31560,881,11508125
2025-12-01,18,9089,327,21622400
2025-12-01,19,13579,786,38209100
2025-12-01,20,30030,1209,11518750
2025-12-02,18,7684,423,21626480
2025-12-02,19,18657,536,38216070
2025-12-02,20,17820,1620,11529375
2025-12-03,18,5783,569,21630560
2025-12-03,19,16689,1076,38223040
2025-12-03,20,18540,878,11540000
2025-12-04,18,7453,436,21634640
2025-12-04,19,11513,910,38230010
2025-12-04,20,25920,1159,11550625
2025-12-05,18,8237,341,21638720
2025-12-05,19,13343,657,38236980
2025-12-05,20,20610,900,11561250
2025-12-06,18,11428,406,21642800
2025-12-06,19,15705,626,38243950
2025-12-06,20,27840,1560,11571875
2025-12-07,18,12142,312,21646880
2025-12-07,19,19109,1189,38250920
2025-12-07,20,24960,1517,11582500
2025-12-08,18,6659,479,21650960
2025-12-08,19,14898,952,38257890
2025-12-08,20,21540,780,11593125
2025-12-09,18,7085,355,21655040
2025-12-09,19,10509,696,38264860
2025-12-09,20,17310,1149,11603750
2025-12-10,18,9366,438,21659120
2025-12-10,19,17181,990,38271830
2025-12-10,20,25890,1373,11614375
2025-12-11,18,6947,652,21663200
2025-12-11,19,13363,498,38278800
2025-12-11,20,22860,1254,11625000
2025-12-12,18,7799,405,21667280
2025-12-12,19,19680,1025,38285770
2025-12-12,20,16710,984,11635625
2025-12-13,18,6106,348,21671360
2025-12-13,19,21097,622,38292740
2025-12-13,20,20010,756,11646250
2025-12-14,18,10092,629,21675440
2025-12-14,19,16138,904,38299710
2025-12-14,20,23460,969,11656875
2025-12-15,18,6831,395,21679520
2025-12-15,19,9840,1176,38306680
2025-12-15,20,15510,844,11667500
2025-12-16,18,12580,669,21683600
2025-12-16,19,17574,657,38313650
2025-12-16,20,18840,1466,11678125
2025-12-17,18,10518,346,21687680
2025-12-17,19,17869,1059,38320620
2025-12-17,20,24870,893,11688750
2025-12-18,18,10495,554,21691760
2025-12-18,19,11532,961,38327590
2025-12-18,20,18810,1350,11699375
2025-12-19,18,11716,519,21695840
2025-12-19,19,15272,849,38334560
2025-12-19,20,32400,1346,11710000
2025-12-20,18,11059,652,21699920
2025-12-20,19,19208,824,38341530
2025-12-20,20,19830,1133,11720625
2025-12-21,18,6152,705,21704000
2025-12-21,19,20821,501,38348500
2025-12-21,20,16230,904,11731250
2025-12-22,18,6244,523,21708080
2025-12-22,19,13323,1214,38355470
2025-12-22,20,31980,1136,11741875
2025-12-23,18,9112,448,21712160
2025-12-23,19,17988,731,38362440
2025-12-23,20,23640,1759,11752500
2025-12-24,18,9631,680,21716240
2025-12-24,19,20723,760,38369410
2025-12-24,20,23610,1185,11763125
2025-12-25,18,5829,446,21720320
2025-12-25,19,16059,1060,38376380
2025-12-25,20,17700,1333,11773750
2025-12-26,18,11301,552,21724400
2025-12-26,19,19444,627,38383350
2025-12-26,20,19290,836,11784375
2025-12-27,18,9780,501,21728480
2025-12-27,19,12615,843,38390320
2025-12-27,20,22320,1388,11795000
2025-12-28,18,11532,669,21732560
2025-12-28,19,19011,1009,38397290
2025-12-28,20,29010,1215,11805625
2025-12-29,18,8628,596,21736640
2025-12-29,19,13992,606,38404260
2025-12-29,20,28200,1013,11816250
2025-12-30,18,12154,300,21740720
2025-12-30,19,16551,1015,38411230
2025-12-30,20,16140,1181,11826875
2025-12-31,18,6877,624,21744800
2025-12-31,19,10627,647,38418200
2025-12-31,20,28620,1577,11837500
2026-01-01,18,10783,703,21748880
2026-01-01,19,11316,1042,38425170
2026-01-01,20,16230,1089,11848125
2026-01-02,18,6981,519,21752960
2026-01-02,19,13599,1093,38432140
2026-01-02,20,26730,1388,11858750
2026-01-03,18,12614,305,21757040
2026-01-03,19,17417,572,38439110
2026-01-03,20,25110,1288,11869375
2026-01-04,18,11658,384,21761120
2026-01-04,19,12871,834,38446080
2026-01-04,20,17010,859,11880000
2026-01-05,18,11382,558,21765200
2026-01-05,19,11611,561,38453050
2026-01-05,20,15030,1307,11890625
2026-01-06,18,7039,619,21769280
2026-01-06,19,16472,1038,38460020
2026-01-06,20,27210,853,11901250
2026-01-07,18,9930,593,21773360
2026-01-07,19,14307,1049,38466990
2026-01-07,20,27960,1652,11911875
2026-01-08,18,7834,358,21777440
2026-01-08,19,20329,828,38473960
2026-01-08,20,31890,1148,11922500
2026-01-09,18,7396,464,21781520
2026-01-09,19,10253,614,38480930
2026-01-09,20,15390,1607,11933125
2026-01-10,18,7569,290,21785600
2026-01-10,19,14248,844,38487900
2026-01-10,20,21930,1772,11943750
2026-01-11,18,6198,557,21789680
2026-01-11,19,20861,649,38494870
2026-01-11,20,20880,984,11954375
2026-01-12,18,9262,343,21793760
2026-01-12,19,12713,857,38501840
2026-01-12,20,31860,1226,11965000
2026-01-13,18,11002,444,21797840
2026-01-13,19,12241,713,38508810
2026-01-13,20,18930,928,11975625
2026-01-14,18,11854,462,21801920
2026-01-14,19,12694,643,38515780
2026-01-14,20,17790,1755,11986250
2026-01-15,18,8087,294,21806000
2026-01-15,19,19798,1030,38522750
2026-01-15,20,27960,1059,11996875
2026-01-16,18,6106,354,21810080
2026-01-16,19,17279,1093,38529720
2026-01-16,20,16320,1470,12007500
2026-01-17,18,8744,408,21814160
2026-01-17,19,19582,914,38536690
2026-01-17,20,21360,1826,12018125
2026-01-18,18,6935,418,21818240
2026-01-18,19,19975,531,38543660
2026-01-18,20,26100,1108,12028750
2026-01-19,18,6785,658,21822320
2026-01-19,19,16059,583,38550630
2026-01-19,20,16290,1446,12039375
2026-01-20,18,11877,632,21826400
2026-01-20,19,10608,503,38557600
2026-01-20,20,16860,1509,12050000
2026-01-21,18,11405,472,21830480
2026-01-21,19,20329,566,38564570
2026-01-21,20,16230,1029,12060625
2026-01-22,18,10840,539,21834560
2026-01-22,19,19562,909,38571540
2026-01-22,20,27450,763,12071250
2026-01-23,18,11958,314,21838640
2026-01-23,19,10037,710,38578510
2026-01-23,20,30960,1611,12081875
2026-01-24,18,8502,428,21842720
2026-01-24,19,11532,1154,38585480
2026-01-24,20,15450,1513,12092500
2026-01-25,18,8191,473,21846800
2026-01-25,19,13520,910,38592450
2026-01-25,20,26610,1359,12103125
2026-01-26,18,8905,420,21850880
2026-01-26,19,11237,750,38599420
2026-01-26,20,16080,1408,12113750
2026-01-27,18,6232,326,21854960
2026-01-27,19,13343,599,38606390
2026-01-27,20,31770,1431,12124375
2026-01-28,18,8329,423,21859040
2026-01-28,19,14937,652,38613360
2026-01-28,20,25410,1339,12135000
2026-01-29,18,9124,470,21863120
2026-01-29,19,12812,895,38620330
2026-01-29,20,21000,969,12145625
2026-01-30,18,8110,578,21867200
2026-01-30,19,10765,509,38627300
2026-01-30,20,27990,774,12156250
2026-01-31,18,11532,634,21871280
2026-01-31,19,13205,683,38634270
2026-01-31,20,32010,1676,12166875
2026-02-01,18,9550,546,21875360
2026-02-01,19,14268,973,38641240
2026-02-01,20,27240,818,12177500
2026-02-02,18,8778,696,21879440
2026-02-02,19,11572,1169,38648210
2026-02-02,20,31350,1209,12188125
2026-02-03,18,12315,484,21883520
2026-02-03,19,10352,1125,38655180
2026-02-03,20,22410,1524,12198750
2026-02-04,18,8502,604,21887600
2026-02-04,19,19464,1058,38662150
2026-02-04,20,29700,1200,12209375
2026-02-05,18,7200,369,21891680
2026-02-05,19,18972,1140,38669120
2026-02-05,20,17340,1826,12220000
2026-02-06,18,12672,582,21895760
2026-02-06,19,18007,507,38676090
2026-02-06,20,20640,1592,12230625
2026-02-07,18,6232,595,21899840
2026-02-07,19,10430,923,38683060
2026-02-07,20,20610,1373,12241250
2026-02-08,18,6140,382,21903920
2026-02-08,19,17771,670,38690030
2026-02-08,20,21000,1573,12251875
2026-02-09,18,10138,688,21908000
2026-02-09,19,19503,915,38697000
2026-02-09,20,26970,1832,12262500
2026-02-10,18,6808,639,21912080
2026-02-10,19,20408,1073,38703970
2026-02-10,20,30120,1740,12273125
2026-02-11,18,10598,333,21916160
2026-02-11,19,11926,807,38710940
2026-02-11,20,15480,1303,12283750
2026-02-12,18,8433,565,21920240
2026-02-12,19,15921,774,38717910
2026-02-12,20,17850,799,12294375
2026-02-13,18,12614,346,21924320
2026-02-13,19,10017,775,38724880
2026-02-13,20,22530,1151,12305000
2026-02-14,18,9827,397,21928400
2026-02-14,19,13186,1122,38731850
2026-02-14,20,30960,1429,12315625
2026-02-15,18,11117,506,21932480
2026-02-15,19,10785,1230,38738820
2026-02-15,20,18210,1022,12326250
2026-02-16,18,11635,668,21936560
2026-02-16,19,10293,813,38745790
2026-02-16,20,31830,1787,12336875
2026-02-17,18,6301,621,21940640
2026-02-17,19,19641,563,38752760
2026-02-17,20,29430,1084,12347500
2026-02-18,18,5783,690,21944720
2026-02-18,19,11651,1154,38759730
2026-02-18,20,23700,1230,12358125
2026-02-19,18,7292,390,21948800
2026-02-19,19,17476,911,38766700
2026-02-19,20,25230,1528,12368750
2026-02-20,18,9239,310,21952880
2026-02-20,19,13992,846,38773670
2026-02-20,20,31290,1558,12379375
2026-02-21,18,8582,315,21956960
2026-02-21,19,19582,734,38780640
2026-02-21,20,30450,1097,12390000
2026-02-22,18,7569,320,21961040
2026-02-22,19,13441,963,38787610
2026-02-22,20,22470,1733,12400625
2026-02-23,18,9631,302,21965120
2026-02-23,19,11729,990,38794580
2026-02-23,20,32220,1731,12411250
2026-02-24,18,10115,490,21969200
2026-02-24,19,17555,541,38801550
2026-02-24,20,17490,1856,12421875
2026-02-25,18,7258,546,21973280
2026-02-25,19,14248,951,38808520
2026-02-25,20,31650,1196,12432500
2026-02-26,18,6900,541,21977360
2026-02-26,19,12694,854,38815490
2026-02-26,20,28710,1260,12443125
2026-02-27,18,10529,302,21981440
2026-02-27,19,21510,862,38822460
2026-02-27,20,26850,789,12453750
2026-02-28,18,11462,477,21985520
2026-02-28,19,17496,585,38829430
2026-02-28,20,30870,1528,12464375
2026-03-01,18,8099,575,21989600
2026-03-01,19,16925,758,38836400
2026-03-01,20,17250,1834,12475000
2026-03-02,18,5141,341,21993680
2026-03-02,19,4633,815,38843370
2026-03-02,20,13163,1716,12485625
2026-03-03,18,2659,480,21997760
2026-03-03,19,5871,1080,38850340
2026-03-03,20,10013,1007,12496250
2026-03-04,18,5122,507,22001840
2026-03-04,19,8889,1052,38857310
2026-03-04,20,7563,1247,12506875
2026-03-05,18,4992,463,22005920
2026-03-05,19,5059,640,38864280
2026-03-05,20,9975,1783,12517500
2026-03-06,18,4603,523,22010000
2026-03-06,19,8971,503,38871250
2026-03-06,20,10363,1524,12528125
2026-03-07,18,4800,558,22014080
2026-03-07,19,8733,1090,38878220
2026-03-07,20,9438,893,12538750
2026-03-08,18,4718,710,22018160
2026-03-08,19,5158,750,38885190
2026-03-08,20,7525,818,12549375
2026-03-09,18,4464,565,22022240
2026-03-09,19,4936,970,38892160
2026-03-09,20,11075,1020,12560000
2026-03-10,18,4392,521,22026320
2026-03-10,19,5002,501,38899130
2026-03-10,20,8400,1133,12570625
2026-03-11,18,3792,406,22030400
2026-03-11,19,4928,942,38906100
2026-03-11,20,10275,1697,12581250
2026-03-12,18,4166,510,22034480
2026-03-12,19,8618,1225,38913070
2026-03-12,20,10550,773,12591875
2026-03-13,18,4334,302,22038560
2026-03-13,19,6265,845,38920040
2026-03-13,20,9013,1114,12602500
2026-03-14,18,3936,448,22042640
2026-03-14,19,7380,1155,38927010
2026-03-14,20,9638,930,12613125
2026-03-15,18,5887,516,22046720
2026-03-15,19,17928,804,38933980
2026-03-15,20,27780,1352,12623750
2026-03-16,18,6797,438,22050800
2026-03-16,19,11277,995,38940950
2026-03-16,20,19110,874,12634375
2026-03-17,18,9757,372,22054880
2026-03-17,19,13441,859,38947920
2026-03-17,20,18150,1539,12645000
2026-03-18,18,7695,379,22058960
2026-03-18,19,12300,1050,38954890
2026-03-18,20,29370,1326,12655625
2026-03-19,18,11601,523,22063040
2026-03-19,19,15508,891,38961860
2026-03-19,20,17040,966,12666250
2026-03-20,18,10541,660,22067120
2026-03-20,19,13363,535,38968830
2026-03-20,20,22800,1408,12676875
2026-03-21,18,12580,567,22071200
2026-03-21,19,20507,690,38975800
2026-03-21,20,27240,1429,12687500
2026-03-22,18,9631,617,22075280
2026-03-22,19,17889,771,38982770
2026-03-22,20,32730,1556,12698125
2026-03-23,18,9112,295,22079360
2026-03-23,19,16275,1038,38989740
2026-03-23,20,16320,1648,12708750
2026-03-24,18,9078,570,22083440
2026-03-24,19,18853,1218,38996710
2026-03-24,20,23400,1849,12719375
2026-03-25,18,10472,435,22087520
2026-03-25,19,15980,1002,39003680
2026-03-25,20,21930,1854,12730000
2026-03-26,18,6474,419,22091600
2026-03-26,19,21392,1183,39010650
2026-03-26,20,15150,1035,12740625
2026-03-27,18,9423,304,22095680
2026-03-27,19,17043,884,39017620
2026-03-27,20,17850,1187,12751250
2026-03-28,18,8628,523,22099760
2026-03-28,19,17023,843,39024590
2026-03-28,20,31530,1369,12761875
2026-03-29,18,9815,409,22103840
2026-03-29,19,11769,1212,39031560
2026-03-29,20,17190,1481,12772500
2026-03-30,18,12142,534,22107920
2026-03-30,19,13874,568,39038530
2026-03-30,20,17730,1187,12783125
2026-03-31,18,11773,456,22112000
2026-03-31,19,14819,945,39045500
2026-03-31,20,24180,829,12793750
2026-04-01,18,7142,292,22116080
2026-04-01,19,15783,1116,39052470
2026-04-01,20,16470,960,12804375
2026-04-02,18,6889,425,22120160
2026-04-02,19,17594,937,39059440
2026-04-02,20,31470,1093,12815000
2026-04-03,18,12453,564,22124240
2026-04-03,19,11572,748,39066410
2026-04-03,20,22980,1830,12825625
2026-04-04,18,12672,477,22128320
2026-04-04,19,20546,850,39073380
2026-04-04,20,15180,1562,12836250
2026-04-05,18,8317,501,22132400
2026-04-05,19,14957,624,39080350
2026-04-05,20,19890,1479,12846875
2026-04-06,18,6002,530,22136480
2026-04-06,19,20192,588,39087320
2026-04-06,20,16110,1043,12857500
2026-04-07,18,8340,638,22140560
2026-04-07,19,10470,1020,39094290
2026-04-07,20,18960,1553,12868125
2026-04-08,18,11866,436,22144640
2026-04-08,19,14386,804,39101260
2026-04-08,20,15240,1322,12878750
2026-04-09,18,6739,633,22148720
2026-04-09,19,21569,609,39108230
2026-04-09,20,22800,1607,12889375
2026-04-10,18,6889,343,22152800
2026-04-10,19,9919,635,39115200
2026-04-10,20,21030,1200,12900000
2026-04-11,18,11716,668,22156880
2026-04-11,19,16413,539,39122170
2026-04-11,20,31620,1344,12910625
2026-04-12,18,9562,562,22160960
2026-04-12,19,19896,1186,39129140
2026-04-12,20,30660,1644,12921250
2026-04-13,18,11693,682,22165040
2026-04-13,19,13756,1138,39136110
2026-04-13,20,27450,1787,12931875
2026-04-14,18,10967,609,22169120
2026-04-14,19,20566,734,39143080
2026-04-14,20,19050,1697,12942500
2026-04-15,18,8732,678,22173200
2026-04-15,19,13874,685,39150050
2026-04-15,20,32880,1641,12953125
2026-04-16,18,11267,589,22177280
2026-04-16,19,21294,769,39157020
2026-04-16,20,17760,1682,12963750
2026-04-17,18,10829,431,22181360
2026-04-17,19,17023,824,39163990
2026-04-17,20,22020,1185,12974375
2026-04-18,18,7845,513,22185440
2026-04-18,19,18716,547,39170960
2026-04-18,20,28110,769,12985000
2026-04-19,18,8813,693,22189520
2026-04-19,19,13205,509,39177930
2026-04-19,20,19590,1440,12995625
2026-04-20,18,11071,462,22193600
2026-04-20,19,15468,673,39184900
2026-04-20,20,26760,1736,13006250
2026-04-21,18,8168,549,22197680
2026-04-21,19,15488,533,39191870
2026-04-21,20,25200,943,13016875
2026-04-22,18,5829,307,22201760
2026-04-22,19,14603,749,39198840
2026-04-22,20,16890,1613,13027500
2026-04-23,18,12211,704,22205840
2026-04-23,19,9840,594,39205810
2026-04-23,20,24210,1659,13038125
2026-04-24,18,8732,326,22209920
2026-04-24,19,19582,734,39212780
2026-04-24,20,15960,1080,13048750
2026-04-25,18,10299,648,22214000
2026-04-25,19,15055,588,39219750
2026-04-25,20,20760,1476,13059375
2026-04-26,18,5898,326,22218080
2026-04-26,19,20448,1038,39226720
2026-04-26,20,21630,848,13070000
2026-04-27,18,9297,445,22222160
2026-04-27,19,16925,1071,39233690
2026-04-27,20,23940,1487,13080625
2026-04-28,18,7626,663,22226240
2026-04-28,19,21215,1124,39240660
2026-04-28,20,25650,761,13091250
2026-04-29,18,12108,420,22230320
2026-04-29,19,18912,902,39247630
2026-04-29,20,26460,934,13101875
2026-04-30,18,8594,484,22234400
2026-04-30,19,16630,573,39254600
2026-04-30,20,26400,1204,13112500
